,System,a5b1_resn,a5b1_resid,subunit,resid1_mdtraj,atom1,fab_resid,fab_resn,subunit2,resid2_mdtraj,atom2,type,a5b1_biig2_clone0_freq,a5b1_biig2_clone1_freq,a5b1_biig2_clone2_freq,a5b1_biig2_clone3_freq,a5b1_biig2_clone4_freq,a5b1_biig2_clone5_freq,a5b1_biig2_clone6_freq
0,BIIG2,E,81,a,81,OE1 OE2,K,27,L,845,HZ1 HZ2 HZ3,hbond,0.2662051282051282,0.22292307692307692,0.3798974358974359,0.3062051282051282,0.6514871794871795,0.48415384615384616,0.01635897435897436
1,BIIG2,E,124,a,124,OE1 OE2,K,92,L,910,HZ1 HZ2 HZ3,hbond,0.8686153846153846,0.07671794871794872,0.9925641025641025,0.806923076923077,0.9772307692307692,0.9925641025641025,0.09651282051282051
2,BIIG2,E,124,a,124,O,Y,94,L,912,H,hbond,0.38471794871794873,0.011487179487179488,0.9970769230769231,0.8055897435897436,0.7369743589743589,0.9995897435897436,0.0009230769230769231
3,BIIG2,K,125,a,125,O,Y,94,L,912,H,hbond,0.0002564102564102564,0.0,0.0,0.0035384615384615385,0.0,0.018512820512820514,0.0
4,BIIG2,K,125,a,125,HZ1 HZ2 HZ3,H,91,L,909,O,hbond,0.4103076923076923,0.04338461538461538,0.8031282051282052,0.504051282051282,0.5315897435897435,0.46082051282051284,0.04287179487179487
5,BIIG2,K,125,a,125,HZ1 HZ2 HZ3,D,98,H,794,OD1 OD2,hbond,0.3577435897435897,0.8342051282051282,0.0778974358974359,0.18117948717948718,0.1855897435897436,0.0010769230769230769,0.18471794871794872
6,BIIG2,K,125,a,125,HZ1 HZ2 HZ3,R,99,H,795,O,hbond,0.26394871794871794,0.8337435897435898,0.06866666666666667,0.13374358974358974,0.18646153846153846,0.0,0.04758974358974359
7,BIIG2,E,126,a,126,OE1 OE2,R,99,H,795,HE HH11 HH12 HH21 HH22,hbond,5.128205128205128e-05,0.0,0.028512820512820513,0.0021025641025641025,0.0,0.8131282051282052,0.0007692307692307692
8,BIIG2,E,126,a,126,OE1 OE2,T,100,H,796,HG1,hbond,0.9553846153846154,0.044717948717948715,0.7902564102564102,0.76,0.7755384615384615,0.09374358974358975,0.6215897435897436
9,BIIG2,E,126,a,126,OE1 OE2,N,33,H,729,HD21 HD22,hbond,0.5735384615384616,0.004,0.9284102564102564,0.8789230769230769,0.5252307692307693,0.09656410256410257,0.52
10,BIIG2,D,154,a,154,O,T,104,H,800,H HG1,hbond,0.9444615384615385,0.9994871794871795,0.9924102564102564,0.8476923076923077,0.9562564102564103,0.9135897435897435,0.5226666666666666
11,BIIG2,D,154,a,154,OD1 OD2,K,31,L,849,HZ1 HZ2 HZ3,hbond,0.567025641025641,0.20005128205128206,0.9027179487179487,0.3548717948717949,0.9332820512820513,0.5722564102564103,0.06502564102564103
12,BIIG2,D,154,a,154,OD1 OD2,Y,32,L,850,HH,hbond,0.7275384615384616,0.647025641025641,0.7264615384615385,0.7079487179487179,0.9328205128205128,0.7474358974358974,0.27205128205128204
13,BIIG2,S,156,a,156,H OG,G,102,H,798,O H,hbond,0.6858974358974359,0.9854358974358974,0.9895384615384616,0.8313333333333334,0.9987179487179487,0.45687179487179486,0.4704615384615385
14,BIIG2,Y,205,a,205,OH,R,28,L,846,HE HH11 HH12 HH21 HH22,hbond,0.4585128205128205,0.22907692307692307,0.4024102564102564,0.32461538461538464,0.43456410256410255,0.3372307692307692,0.23517948717948717
15,BIIG2,Y,208,a,208,OH,S,30,L,848,H,hbond,0.7762051282051282,0.5767179487179487,0.7626153846153846,0.4094358974358974,0.7174871794871794,0.3675897435897436,0.3102051282051282
16,BIIG2,S,189,b,522,H HG,G,54,H,750,O,hbond,0.9927692307692307,0.9955897435897436,0.9928205128205129,0.9993333333333333,0.9634358974358974,0.7821538461538462,0.8036410256410257
17,BIIG2,E,190,b,523,OE1 OE2,R,71,H,767,HE HH11 HH12 HH21 HH22,hbond,0.9012307692307693,0.9826153846153847,0.9066666666666666,0.9888205128205129,0.8952307692307693,0.6853333333333333,0.8040512820512821
