System,a5b1_resn,a5b1_resid,subunit,resid1_mdtraj,atom1,fab_resid,fab_resn,subunit2,resid2_mdtraj,atom2,type
MINT,E,81,a,81,OE1 OE2,R,32,H,729,HE HH11 HH12 HH21 HH22,hbond
MINT,E,81,a,81,OE1 OE2,Y,109,H,806,HH,hbond
MINT,R,144,a,144,HE HH11 HH12 HH21 HH22,P,55,H,752,O,hbond
MINT,D,154,a,154,OD1 OD2,Y,50,L,869,HH,hbond
MINT,A,201,a,201,O,N,56,H,753,HD21 HD22,hbond
MINT,E,202,a,202,OE1 OE2 O,R,105,H,802,HE HH11 HH12 HH21 HH22,hbond
MINT,E,202,a,202,OE1 OE2,K,52,H,749,HZ1 HZ2 HZ3,hbond
MINT,S,203,a,203,O OG,R,105,H,802,HE HH11 HH12 HH21 HH22,hbond
MINT,Y,204,a,204,O,N,56,H,753,HD21 HD22,hbond
MINT,Y,205,a,205,OH,W,33,H,730,H,hbond
MINT,Y,205,a,205,HH,L,101,H,798,O,hbond
MINT,E,207,a,207,OE1 OE2,R,32,H,729,HE HH11 HH12 HH21 HH22,hbond
MINT,Y,208,a,208,OH HH,Y,109,H,806,OH HH,hbond
MINT,Y,208,a,208,OH,R,32,H,729,HE HH11 HH12 HH21 HH22,hbond
MINT,N,211,a,211,OD1,R,105,H,802,HE HH11 HH12 HH21 HH22,hbond
MINT,L,212,a,212,H,G,103,H,800,O,hbond
MINT,L,212,a,212,O,R,105,H,802,HE HH11 HH12 HH21 HH22,hbond
MINT,Q,214,a,214,HE21 HE22,S,96,L,915,O OG,hbond
MINT,Q,214,a,214,HE21 HE22 OE1,T,32,L,851,O H OG1,hbond
MINT,R,220,a,220,HE HH11 HH12 HH21 HH22,D,54,L,873,OD1 OD2 O,hbond
MINT,Y,205,a,205,CG CE2 CE1,W,33,H,730,CD2 CZ2 CZ3,ring-ring