,System,a5b1_resn,a5b1_resid,subunit,resid1_mdtraj,atom1,fab_resid,fab_resn,subunit2,resid2_mdtraj,atom2,type,a5b1_mint_clone0_freq,a5b1_mint_clone1_freq,a5b1_mint_clone2_freq,a5b1_mint_clone3_freq,a5b1_mint_clone4_freq,a5b1_mint_clone5_freq,a5b1_mint_clone6_freq
0,MINT,E,81,a,81,OE1 OE2,R,32,H,729,HE HH11 HH12 HH21 HH22,hbond,5.128205128205128e-05,0.12594871794871795,0.02517948717948718,0.2735897435897436,0.25476923076923075,0.13615384615384615,0.15282051282051282
1,MINT,E,81,a,81,OE1 OE2,Y,109,H,806,HH,hbond,0.00015384615384615385,0.1317948717948718,0.04123076923076923,0.0005641025641025641,0.03641025641025641,0.041846153846153845,0.03317948717948718
2,MINT,R,144,a,144,HE HH11 HH12 HH21 HH22,P,55,H,752,O,hbond,0.07174358974358974,0.9378461538461539,0.35923076923076924,0.09384615384615384,0.22697435897435897,0.7922564102564102,0.062
3,MINT,D,154,a,154,OD1 OD2,Y,50,L,869,HH,hbond,0.23333333333333334,0.24661538461538463,0.1117948717948718,0.3446666666666667,0.07476923076923077,0.06682051282051282,0.09692307692307692
4,MINT,A,201,a,201,O,N,56,H,753,HD21 HD22,hbond,0.02005128205128205,0.7961538461538461,0.904051282051282,0.01082051282051282,0.2081025641025641,0.8026666666666666,0.032871794871794875
5,MINT,E,202,a,202,OE1 OE2 O,R,105,H,802,HE HH11 HH12 HH21 HH22,hbond,0.9657948717948718,0.9997435897435898,0.9987692307692307,0.9936923076923077,0.626,0.9728717948717949,0.998051282051282
6,MINT,E,202,a,202,OE1 OE2,K,52,H,749,HZ1 HZ2 HZ3,hbond,0.7224102564102564,0.8704615384615385,0.986051282051282,0.33071794871794874,0.6433333333333333,0.8503076923076923,0.5678461538461539
7,MINT,S,203,a,203,O OG,R,105,H,802,HE HH11 HH12 HH21 HH22,hbond,0.800974358974359,0.3117948717948718,0.4270769230769231,0.5872820512820512,0.2867179487179487,0.3194871794871795,0.529025641025641
8,MINT,Y,204,a,204,O,N,56,H,753,HD21 HD22,hbond,0.8133846153846154,0.7141538461538461,0.8616923076923076,0.4216410256410256,0.4014871794871795,0.8365641025641025,0.009230769230769232
9,MINT,Y,205,a,205,OH,W,33,H,730,H,hbond,1.0,0.999948717948718,1.0,0.5912307692307692,0.9997948717948718,0.999948717948718,0.999948717948718
10,MINT,Y,205,a,205,HH,L,101,H,798,O,hbond,1.0,0.9993846153846154,1.0,0.8556410256410256,0.9892307692307692,0.9990769230769231,0.9969230769230769
11,MINT,E,207,a,207,OE1 OE2,R,32,H,729,HE HH11 HH12 HH21 HH22,hbond,0.0,0.6781538461538461,0.3921025641025641,0.3017948717948718,0.46425641025641023,0.7008205128205128,0.44969230769230767
12,MINT,Y,208,a,208,OH HH,Y,109,H,806,OH HH,hbond,0.0,0.3902564102564103,0.314,0.0008717948717948718,0.40102564102564103,0.4144102564102564,0.43456410256410255
13,MINT,Y,208,a,208,OH,R,32,H,729,HE HH11 HH12 HH21 HH22,hbond,0.762974358974359,0.9633333333333334,0.9326153846153846,0.2582564102564103,0.9132820512820513,0.9392307692307692,0.8753846153846154
14,MINT,N,211,a,211,OD1,R,105,H,802,HE HH11 HH12 HH21 HH22,hbond,0.6832307692307692,0.0,0.0,0.0,5.128205128205128e-05,0.0,0.0
15,MINT,L,212,a,212,H,G,103,H,800,O,hbond,0.9288205128205128,0.9167179487179488,0.9571282051282052,0.2872820512820513,0.8067692307692308,0.888974358974359,0.828
16,MINT,L,212,a,212,O,R,105,H,802,HE HH11 HH12 HH21 HH22,hbond,0.31764102564102564,0.9936410256410256,0.9945128205128205,0.5276923076923077,0.8963076923076924,0.994,0.9589230769230769
17,MINT,Q,214,a,214,HE21 HE22,S,96,L,915,O OG,hbond,0.8226666666666667,0.5122051282051282,0.8101538461538461,0.8503076923076923,0.1447179487179487,0.8664615384615385,0.7649230769230769
18,MINT,Q,214,a,214,HE21 HE22 OE1,T,32,L,851,O H OG1,hbond,0.9971282051282051,0.1996923076923077,0.13174358974358974,0.8232307692307692,0.499025641025641,0.6378974358974359,0.7097948717948718
19,MINT,R,220,a,220,HE HH11 HH12 HH21 HH22,D,54,L,873,OD1 OD2 O,hbond,0.677025641025641,0.32051282051282054,0.33015384615384613,0.45456410256410257,0.4654871794871795,0.3352307692307692,0.3546666666666667
20,MINT,Y,205,a,205,CG CE2 CE1,W,33,H,730,CD2 CZ2 CZ3,ring-ring,1.0,1.0,1.0,1.0,1.0,1.0,1.0
