,System,a5b1_resn,a5b1_resid,subunit,resid1_mdtraj,atom1,fab_resid,fab_resn,subunit2,resid2_mdtraj,atom2,type,a5b1_biig2_clone6_freq
0,BIIG2,E,81,a,81,OE1 OE2,K,27,L,845,HZ1 HZ2 HZ3,hbond,0.01635897435897436
1,BIIG2,E,124,a,124,OE1 OE2,K,92,L,910,HZ1 HZ2 HZ3,hbond,0.09651282051282051
2,BIIG2,E,124,a,124,O,Y,94,L,912,H,hbond,0.0009230769230769231
3,BIIG2,K,125,a,125,O,Y,94,L,912,H,hbond,0.0
4,BIIG2,K,125,a,125,HZ1 HZ2 HZ3,H,91,L,909,O,hbond,0.04287179487179487
5,BIIG2,K,125,a,125,HZ1 HZ2 HZ3,D,98,H,794,OD1 OD2,hbond,0.18471794871794872
6,BIIG2,K,125,a,125,HZ1 HZ2 HZ3,R,99,H,795,O,hbond,0.04758974358974359
7,BIIG2,E,126,a,126,OE1 OE2,R,99,H,795,HE HH11 HH12 HH21 HH22,hbond,0.0007692307692307692
8,BIIG2,E,126,a,126,OE1 OE2,T,100,H,796,HG1,hbond,0.6215897435897436
9,BIIG2,E,126,a,126,OE1 OE2,N,33,H,729,HD21 HD22,hbond,0.52
10,BIIG2,D,154,a,154,O,T,104,H,800,H HG1,hbond,0.5226666666666666
11,BIIG2,D,154,a,154,OD1 OD2,K,31,L,849,HZ1 HZ2 HZ3,hbond,0.06502564102564103
12,BIIG2,D,154,a,154,OD1 OD2,Y,32,L,850,HH,hbond,0.27205128205128204
13,BIIG2,S,156,a,156,H OG,G,102,H,798,O H,hbond,0.4704615384615385
14,BIIG2,Y,205,a,205,OH,R,28,L,846,HE HH11 HH12 HH21 HH22,hbond,0.23517948717948717
15,BIIG2,Y,208,a,208,OH,S,30,L,848,H,hbond,0.3102051282051282
16,BIIG2,S,189,b,522,H HG,G,54,H,750,O,hbond,0.8036410256410257
17,BIIG2,E,190,b,523,OE1 OE2,R,71,H,767,HE HH11 HH12 HH21 HH22,hbond,0.8040512820512821
